{
	"credit": "Made by dabid",
	"ambientocclusion": false,
	"texture_size": [32, 32],
	"textures": {
		"1": "block/kuromi_hat/ear",
		"2": "block/kuromi_hat/base",
		"3": "block/kuromi_hat/eye",
		"particle": "block/kuromi_hat/base"
	},
	"elements": [
		{
			"from": [4, 10, 4],
			"to": [12, 12, 12],
			"rotation": {"angle": 0, "axis": "y", "origin": [0, 2, 0]},
			"faces": {
				"north": {"uv": [0, 8, 4, 9], "texture": "#2"},
				"east": {"uv": [8.5, 3, 12.5, 4], "texture": "#2"},
				"south": {"uv": [8.5, 4, 12.5, 5], "texture": "#2"},
				"west": {"uv": [8.5, 5, 12.5, 6], "texture": "#2"},
				"up": {"uv": [4, 4, 0, 0], "texture": "#2"},
				"down": {"uv": [4, 4, 0, 8], "texture": "#2"}
			}
		},
		{
			"from": [6, 11, 6],
			"to": [10, 13, 10],
			"rotation": {"angle": 0, "axis": "y", "origin": [0, 3, 0]},
			"faces": {
				"north": {"uv": [9, 2, 11, 3], "texture": "#2"},
				"east": {"uv": [6, 9, 8, 10], "texture": "#2"},
				"south": {"uv": [0, 10, 2, 11], "texture": "#2"},
				"west": {"uv": [2, 10, 4, 11], "texture": "#2"},
				"up": {"uv": [10.5, 8, 8.5, 6], "texture": "#2"},
				"down": {"uv": [10.5, 8, 8.5, 10], "texture": "#2"}
			}
		},
		{
			"from": [4, 6, 3],
			"to": [12, 8, 4],
			"faces": {
				"north": {"uv": [0, 9, 4, 10], "texture": "#2"},
				"east": {"uv": [8, 9, 8.5, 10], "texture": "#2"},
				"south": {"uv": [9, 0, 13, 1], "texture": "#2"},
				"west": {"uv": [11, 11.5, 11.5, 12.5], "texture": "#2"},
				"up": {"uv": [10, 10.5, 6, 10], "texture": "#2"},
				"down": {"uv": [14, 10, 10, 10.5], "texture": "#2"}
			}
		},
		{
			"from": [4, 8, 3],
			"to": [12, 9, 4],
			"faces": {
				"north": {"uv": [6, 10.5, 10, 11], "texture": "#2"},
				"east": {"uv": [11.5, 11.5, 12, 12], "texture": "#2"},
				"south": {"uv": [10.5, 6, 14.5, 6.5], "texture": "#2"},
				"west": {"uv": [0, 12, 0.5, 12.5], "texture": "#2"},
				"up": {"uv": [14.5, 7, 10.5, 6.5], "texture": "#2"},
				"down": {"uv": [14.5, 7, 10.5, 7.5], "texture": "#2"}
			}
		},
		{
			"from": [3, 6, 3],
			"to": [4, 9, 12],
			"faces": {
				"north": {"uv": [7, 11.5, 7.5, 13], "texture": "#2"},
				"east": {"uv": [4, 3, 8.5, 4.5], "texture": "#2"},
				"south": {"uv": [7.5, 11.5, 8, 13], "texture": "#2"},
				"west": {"uv": [4, 4.5, 8.5, 6], "texture": "#2"},
				"up": {"uv": [4.5, 13.5, 4, 9], "texture": "#2"},
				"down": {"uv": [5, 9, 4.5, 13.5], "texture": "#2"}
			}
		},
		{
			"from": [12, 6, 3],
			"to": [13, 9, 12],
			"faces": {
				"north": {"uv": [8, 11.5, 8.5, 13], "texture": "#2"},
				"east": {"uv": [4, 6, 8.5, 7.5], "texture": "#2"},
				"south": {"uv": [8.5, 11.5, 9, 13], "texture": "#2"},
				"west": {"uv": [4, 7.5, 8.5, 9], "texture": "#2"},
				"up": {"uv": [5.5, 13.5, 5, 9], "texture": "#2"},
				"down": {"uv": [6, 9, 5.5, 13.5], "texture": "#2"}
			}
		},
		{
			"from": [3, 6, 12],
			"to": [13, 9, 13],
			"faces": {
				"north": {"uv": [4, 0, 9, 1.5], "texture": "#2"},
				"east": {"uv": [9, 11.5, 9.5, 13], "texture": "#2"},
				"south": {"uv": [4, 1.5, 9, 3], "texture": "#2"},
				"west": {"uv": [9.5, 11.5, 10, 13], "texture": "#2"},
				"up": {"uv": [14, 1.5, 9, 1], "texture": "#2"},
				"down": {"uv": [14, 1.5, 9, 2], "texture": "#2"}
			}
		},
		{
			"from": [4, 9, 12],
			"to": [12, 10, 13],
			"rotation": {"angle": 0, "axis": "y", "origin": [0, 1, 0]},
			"faces": {
				"north": {"uv": [10.5, 7.5, 14.5, 8], "texture": "#2"},
				"east": {"uv": [0.5, 12, 1, 12.5], "texture": "#2"},
				"south": {"uv": [10.5, 8, 14.5, 8.5], "texture": "#2"},
				"west": {"uv": [1, 12, 1.5, 12.5], "texture": "#2"},
				"up": {"uv": [14.5, 9, 10.5, 8.5], "texture": "#2"},
				"down": {"uv": [14.5, 9, 10.5, 9.5], "texture": "#2"}
			}
		},
		{
			"from": [4, 9, 3],
			"to": [12, 10, 4],
			"rotation": {"angle": 0, "axis": "y", "origin": [0, 1, -9]},
			"faces": {
				"north": {"uv": [10.5, 9.5, 14.5, 10], "texture": "#2"},
				"east": {"uv": [1.5, 12, 2, 12.5], "texture": "#2"},
				"south": {"uv": [10, 10.5, 14, 11], "texture": "#2"},
				"west": {"uv": [2, 12, 2.5, 12.5], "texture": "#2"},
				"up": {"uv": [4, 11.5, 0, 11], "texture": "#2"},
				"down": {"uv": [15, 2, 11, 2.5], "texture": "#2"}
			}
		},
		{
			"from": [12, 9, 4],
			"to": [13, 10, 12],
			"rotation": {"angle": 0, "axis": "y", "origin": [1, 1, -9]},
			"faces": {
				"north": {"uv": [2.5, 12, 3, 12.5], "texture": "#2"},
				"east": {"uv": [11, 2.5, 15, 3], "texture": "#2"},
				"south": {"uv": [3, 12, 3.5, 12.5], "texture": "#2"},
				"west": {"uv": [6, 11, 10, 11.5], "texture": "#2"},
				"up": {"uv": [10.5, 15, 10, 11], "texture": "#2"},
				"down": {"uv": [11, 11, 10.5, 15], "texture": "#2"}
			}
		},
		{
			"from": [3, 9, 4],
			"to": [4, 10, 12],
			"rotation": {"angle": 0, "axis": "y", "origin": [-8, 1, -9]},
			"faces": {
				"north": {"uv": [3.5, 12, 4, 12.5], "texture": "#2"},
				"east": {"uv": [11, 11, 15, 11.5], "texture": "#2"},
				"south": {"uv": [11.5, 12, 12, 12.5], "texture": "#2"},
				"west": {"uv": [0, 11.5, 4, 12], "texture": "#2"},
				"up": {"uv": [6.5, 15.5, 6, 11.5], "texture": "#2"},
				"down": {"uv": [7, 11.5, 6.5, 15.5], "texture": "#2"}
			}
		},
		{
			"from": [7.5, 6.2, 2.999],
			"to": [8.5, 6.7, 3.999],
			"rotation": {"angle": 0, "axis": "y", "origin": [6.5, 7.2, 3]},
			"faces": {
				"north": {"uv": [12, 11.5, 12.5, 12], "texture": "#2"},
				"east": {"uv": [12, 12, 12.5, 12.5], "texture": "#2"},
				"south": {"uv": [0, 12.5, 0.5, 13], "texture": "#2"},
				"west": {"uv": [0.5, 12.5, 1, 13], "texture": "#2"},
				"up": {"uv": [1.5, 13, 1, 12.5], "texture": "#2"},
				"down": {"uv": [2, 12.5, 1.5, 13], "texture": "#2"}
			}
		},
		{
			"from": [1.39134, 10.76194, 7.5001],
			"to": [6.39134, 11.76194, 8.5001],
			"rotation": {"angle": -22.5, "axis": "z", "origin": [1.39134, 11.26194, 8]},
			"faces": {
				"north": {"uv": [11, 15, 16, 16], "texture": "#1"},
				"east": {"uv": [10, 15, 11, 16], "texture": "#1"},
				"south": {"uv": [16, 15, 11, 16], "texture": "#1"},
				"west": {"uv": [10, 15, 11, 16], "texture": "#1"},
				"up": {"uv": [16, 16, 11, 15], "texture": "#1"},
				"down": {"uv": [16, 15, 11, 16], "texture": "#1"}
			}
		},
		{
			"from": [1.2, 10.8, 7.5],
			"to": [2.2, 13.8, 8.5],
			"rotation": {"angle": 0, "axis": "z", "origin": [0.2, 1.8, 0.5]},
			"faces": {
				"north": {"uv": [3, 9, 4, 12], "texture": "#1"},
				"east": {"uv": [3, 9, 4, 12], "texture": "#1"},
				"south": {"uv": [3, 9, 4, 12], "texture": "#1"},
				"west": {"uv": [3, 9, 4, 12], "texture": "#1"},
				"up": {"uv": [4, 10, 3, 9], "texture": "#1"},
				"down": {"uv": [4, 9, 3, 10], "texture": "#1"}
			}
		},
		{
			"from": [1.2, 13.8, 7.5],
			"to": [5.2, 14.8, 8.5],
			"rotation": {"angle": 0, "axis": "z", "origin": [3.2, 14.3, 8]},
			"faces": {
				"north": {"uv": [6, 2, 10, 3], "texture": "#1"},
				"east": {"uv": [7, 2, 8, 3], "texture": "#1"},
				"south": {"uv": [6, 2, 9, 3], "texture": "#1"},
				"west": {"uv": [8, 2, 9, 3], "texture": "#1"},
				"up": {"uv": [10, 3, 6, 2], "texture": "#1"},
				"down": {"uv": [10, 2, 6, 3], "texture": "#1"}
			}
		},
		{
			"from": [3.77613, 9.68374, 7.5001],
			"to": [4.77613, 14.68374, 8.5001],
			"rotation": {"angle": 22.5, "axis": "z", "origin": [4.69582, 15.80733, 8]},
			"faces": {
				"north": {"uv": [15, 6, 16, 11], "texture": "#1"},
				"east": {"uv": [15, 6, 16, 11], "texture": "#1"},
				"south": {"uv": [15, 6, 16, 11], "texture": "#1"},
				"west": {"uv": [15, 6, 16, 11], "texture": "#1"},
				"up": {"uv": [16, 6, 15, 5], "texture": "#1"},
				"down": {"uv": [16, 5, 15, 6], "texture": "#1"}
			}
		},
		{
			"from": [0.2, 13.8, 7],
			"to": [2.2, 15.8, 9],
			"rotation": {"angle": 0, "axis": "y", "origin": [0.2, 1.8, 0]},
			"faces": {
				"north": {"uv": [3, 5, 5, 7], "texture": "#1"},
				"east": {"uv": [6, 6, 8, 8], "texture": "#1"},
				"south": {"uv": [3, 7, 5, 9], "texture": "#1"},
				"west": {"uv": [5, 8, 7, 10], "texture": "#1"},
				"up": {"uv": [10, 8, 8, 6], "texture": "#1"},
				"down": {"uv": [9, 8, 7, 10], "texture": "#1"}
			}
		},
		{
			"from": [2.2, 12.8, 7.5],
			"to": [4.2, 13.8, 8.5],
			"rotation": {"angle": 0, "axis": "y", "origin": [1.4, 2.8, 0]},
			"faces": {
				"north": {"uv": [10, 3, 12, 4], "texture": "#1"},
				"east": {"uv": [10, 3, 12, 4], "texture": "#1"},
				"south": {"uv": [12, 3, 10, 4], "texture": "#1"},
				"west": {"uv": [11, 3, 12, 4], "texture": "#1"},
				"up": {"uv": [12, 4, 11, 3], "texture": "#1"},
				"down": {"uv": [12, 3, 11, 4], "texture": "#1"}
			}
		},
		{
			"from": [2.2, 11.8, 7.5],
			"to": [3.2, 12.8, 8.5],
			"rotation": {"angle": 0, "axis": "y", "origin": [1.4, 2.8, 0]},
			"faces": {
				"north": {"uv": [10, 3, 11, 4], "texture": "#1"},
				"east": {"uv": [10, 3, 11, 4], "texture": "#1"},
				"south": {"uv": [10, 3, 11, 4], "texture": "#1"},
				"west": {"uv": [10, 3, 11, 4], "texture": "#1"},
				"up": {"uv": [11, 4, 10, 3], "texture": "#1"},
				"down": {"uv": [11, 3, 10, 4], "texture": "#1"}
			}
		},
		{
			"from": [3.2, 10.3, 7.501],
			"to": [5.7, 12.8, 8.499],
			"rotation": {"angle": 0, "axis": "y", "origin": [1.4, 2.8, 0]},
			"faces": {
				"north": {"uv": [0, 0, 2, 3], "texture": "#1"},
				"east": {"uv": [10, 0, 11, 3], "texture": "#1"},
				"south": {"uv": [2, 0, 4, 3], "texture": "#1"},
				"west": {"uv": [1, 10, 2, 13], "texture": "#1"},
				"up": {"uv": [12, 7, 10, 6], "texture": "#1"},
				"down": {"uv": [9, 10, 7, 11], "texture": "#1"}
			}
		},
		{
			"from": [4.2, 12.8, 7.501],
			"to": [5.2, 13.8, 8.499],
			"rotation": {"angle": 0, "axis": "y", "origin": [1.4, 2.8, 0]},
			"faces": {
				"north": {"uv": [11, 7, 12, 8], "texture": "#1"},
				"east": {"uv": [8, 11, 9, 12], "texture": "#1"},
				"south": {"uv": [11, 8, 12, 9], "texture": "#1"},
				"west": {"uv": [9, 11, 10, 12], "texture": "#1"},
				"up": {"uv": [12, 10, 11, 9], "texture": "#1"},
				"down": {"uv": [11, 11, 10, 12], "texture": "#1"}
			}
		},
		{
			"from": [2.2, 10.8, 7.501],
			"to": [3.2, 11.8, 8.499],
			"rotation": {"angle": 0, "axis": "y", "origin": [1.4, 2.8, 0]},
			"faces": {
				"north": {"uv": [11, 10, 12, 11], "texture": "#1"},
				"east": {"uv": [11, 11, 12, 12], "texture": "#1"},
				"south": {"uv": [12, 0, 13, 1], "texture": "#1"},
				"west": {"uv": [12, 1, 13, 2], "texture": "#1"},
				"up": {"uv": [3, 13, 2, 12], "texture": "#1"},
				"down": {"uv": [13, 2, 12, 3], "texture": "#1"}
			}
		},
		{
			"from": [9.60866, 10.76194, 7.5001],
			"to": [14.60866, 11.76194, 8.5001],
			"rotation": {"angle": 22.5, "axis": "z", "origin": [14.60866, 11.26194, 8]},
			"faces": {
				"north": {"uv": [16, 15, 11, 16], "texture": "#1"},
				"east": {"uv": [11, 15, 10, 16], "texture": "#1"},
				"south": {"uv": [11, 15, 16, 16], "texture": "#1"},
				"west": {"uv": [11, 15, 10, 16], "texture": "#1"},
				"up": {"uv": [11, 16, 16, 15], "texture": "#1"},
				"down": {"uv": [11, 15, 16, 16], "texture": "#1"}
			}
		},
		{
			"from": [13.8, 10.8, 7.5],
			"to": [14.8, 13.8, 8.5],
			"rotation": {"angle": 0, "axis": "z", "origin": [15.8, 1.8, 0.5]},
			"faces": {
				"north": {"uv": [4, 9, 3, 12], "texture": "#1"},
				"east": {"uv": [4, 9, 3, 12], "texture": "#1"},
				"south": {"uv": [4, 9, 3, 12], "texture": "#1"},
				"west": {"uv": [4, 9, 3, 12], "texture": "#1"},
				"up": {"uv": [3, 10, 4, 9], "texture": "#1"},
				"down": {"uv": [3, 9, 4, 10], "texture": "#1"}
			}
		},
		{
			"from": [10.8, 13.8, 7.5],
			"to": [14.8, 14.8, 8.5],
			"rotation": {"angle": 0, "axis": "z", "origin": [12.8, 14.3, 8]},
			"faces": {
				"north": {"uv": [10, 2, 6, 3], "texture": "#1"},
				"east": {"uv": [9, 2, 8, 3], "texture": "#1"},
				"south": {"uv": [9, 2, 6, 3], "texture": "#1"},
				"west": {"uv": [8, 2, 7, 3], "texture": "#1"},
				"up": {"uv": [6, 3, 10, 2], "texture": "#1"},
				"down": {"uv": [6, 2, 10, 3], "texture": "#1"}
			}
		},
		{
			"from": [11.22387, 9.68374, 7.5001],
			"to": [12.22387, 14.68374, 8.5001],
			"rotation": {"angle": -22.5, "axis": "z", "origin": [11.30418, 15.80733, 8]},
			"faces": {
				"north": {"uv": [16, 6, 15, 11], "texture": "#1"},
				"east": {"uv": [16, 6, 15, 11], "texture": "#1"},
				"south": {"uv": [16, 6, 15, 11], "texture": "#1"},
				"west": {"uv": [16, 6, 15, 11], "texture": "#1"},
				"up": {"uv": [15, 6, 16, 5], "texture": "#1"},
				"down": {"uv": [15, 5, 16, 6], "texture": "#1"}
			}
		},
		{
			"from": [13.8, 13.8, 7],
			"to": [15.8, 15.8, 9],
			"rotation": {"angle": 0, "axis": "y", "origin": [15.8, 1.8, 0]},
			"faces": {
				"north": {"uv": [5, 5, 3, 7], "texture": "#1"},
				"east": {"uv": [7, 8, 5, 10], "texture": "#1"},
				"south": {"uv": [5, 7, 3, 9], "texture": "#1"},
				"west": {"uv": [8, 6, 6, 8], "texture": "#1"},
				"up": {"uv": [8, 8, 10, 6], "texture": "#1"},
				"down": {"uv": [7, 8, 9, 10], "texture": "#1"}
			}
		},
		{
			"from": [11.8, 12.8, 7.5],
			"to": [13.8, 13.8, 8.5],
			"rotation": {"angle": 0, "axis": "y", "origin": [14.6, 2.8, 0]},
			"faces": {
				"north": {"uv": [12, 3, 10, 4], "texture": "#1"},
				"east": {"uv": [12, 3, 11, 4], "texture": "#1"},
				"south": {"uv": [10, 3, 12, 4], "texture": "#1"},
				"west": {"uv": [12, 3, 10, 4], "texture": "#1"},
				"up": {"uv": [11, 4, 12, 3], "texture": "#1"},
				"down": {"uv": [11, 3, 12, 4], "texture": "#1"}
			}
		},
		{
			"from": [12.8, 11.8, 7.5],
			"to": [13.8, 12.8, 8.5],
			"rotation": {"angle": 0, "axis": "y", "origin": [14.6, 2.8, 0]},
			"faces": {
				"north": {"uv": [11, 3, 10, 4], "texture": "#1"},
				"east": {"uv": [11, 3, 10, 4], "texture": "#1"},
				"south": {"uv": [11, 3, 10, 4], "texture": "#1"},
				"west": {"uv": [11, 3, 10, 4], "texture": "#1"},
				"up": {"uv": [10, 4, 11, 3], "texture": "#1"},
				"down": {"uv": [10, 3, 11, 4], "texture": "#1"}
			}
		},
		{
			"from": [10.3, 10.3, 7.501],
			"to": [12.8, 12.8, 8.499],
			"rotation": {"angle": 0, "axis": "y", "origin": [14.6, 2.8, 0]},
			"faces": {
				"north": {"uv": [2, 0, 0, 3], "texture": "#1"},
				"east": {"uv": [2, 10, 1, 13], "texture": "#1"},
				"south": {"uv": [4, 0, 2, 3], "texture": "#1"},
				"west": {"uv": [11, 0, 10, 3], "texture": "#1"},
				"up": {"uv": [10, 7, 12, 6], "texture": "#1"},
				"down": {"uv": [7, 10, 9, 11], "texture": "#1"}
			}
		},
		{
			"from": [10.8, 12.8, 7.501],
			"to": [11.8, 13.8, 8.499],
			"rotation": {"angle": 0, "axis": "y", "origin": [14.6, 2.8, 0]},
			"faces": {
				"north": {"uv": [12, 7, 11, 8], "texture": "#1"},
				"east": {"uv": [10, 11, 9, 12], "texture": "#1"},
				"south": {"uv": [12, 8, 11, 9], "texture": "#1"},
				"west": {"uv": [9, 11, 8, 12], "texture": "#1"},
				"up": {"uv": [11, 10, 12, 9], "texture": "#1"},
				"down": {"uv": [10, 11, 11, 12], "texture": "#1"}
			}
		},
		{
			"from": [12.8, 10.8, 7.501],
			"to": [13.8, 11.8, 8.499],
			"rotation": {"angle": 0, "axis": "y", "origin": [14.6, 2.8, 0]},
			"faces": {
				"north": {"uv": [12, 10, 11, 11], "texture": "#1"},
				"east": {"uv": [13, 1, 12, 2], "texture": "#1"},
				"south": {"uv": [13, 0, 12, 1], "texture": "#1"},
				"west": {"uv": [12, 11, 11, 12], "texture": "#1"},
				"up": {"uv": [2, 13, 3, 12], "texture": "#1"},
				"down": {"uv": [12, 2, 13, 3], "texture": "#1"}
			}
		},
		{
			"from": [9, 6.5, 2.999],
			"to": [11, 8.5, 3.999],
			"rotation": {"angle": 0, "axis": "y", "origin": [11, 6.5, 2.9]},
			"faces": {
				"north": {"uv": [2, 4, 4, 6], "texture": "#3"},
				"east": {"uv": [4, 2, 6, 4], "texture": "#3"},
				"south": {"uv": [4, 4, 6, 6], "texture": "#3"},
				"west": {"uv": [0, 6, 2, 8], "texture": "#3"},
				"up": {"uv": [8, 2, 6, 0], "texture": "#3"},
				"down": {"uv": [4, 6, 2, 8], "texture": "#3"}
			}
		},
		{
			"from": [5, 6.5, 2.999],
			"to": [7, 8.5, 3.999],
			"rotation": {"angle": 0, "axis": "y", "origin": [5, 6.5, 2.9]},
			"faces": {
				"north": {"uv": [0, 0, 2, 2], "texture": "#3"},
				"east": {"uv": [0, 2, 2, 4], "texture": "#3"},
				"south": {"uv": [2, 0, 4, 2], "texture": "#3"},
				"west": {"uv": [2, 2, 4, 4], "texture": "#3"},
				"up": {"uv": [2, 6, 0, 4], "texture": "#3"},
				"down": {"uv": [6, 0, 4, 2], "texture": "#3"}
			}
		}
	],
	"display": {
		"thirdperson_righthand": {
			"rotation": [16, 180, 0],
			"translation": [-6, 1.5, 0],
			"scale": [0.85, 0.85, 0.85]
		},
		"thirdperson_lefthand": {
			"rotation": [16, 180, 0],
			"translation": [-6, 1.5, 0],
			"scale": [0.85, 0.85, 0.85]
		},
		"firstperson_righthand": {
			"rotation": [-35, 180, 0],
			"translation": [-9, 2.5, 1.25],
			"scale": [0.85, 0.85, 0.85]
		},
		"firstperson_lefthand": {
			"rotation": [-35, 180, 0],
			"translation": [-9, 2.5, 1.25],
			"scale": [0.85, 0.85, 0.85]
		},
		"ground": {
			"rotation": [38, 0, 0],
			"translation": [0, 0, 1.5]
		},
		"gui": {
			"rotation": [16, 140, 0],
			"translation": [0, -2.25, 0]
		},
		"head": {
			"translation": [0, 4.75, 0],
			"scale": [1.5, 1.5, 1.5]
		},
		"fixed": {
			"rotation": [-77, -21, 5],
			"translation": [-1.75, -0.5, -5.5],
			"scale": [2.5, 2.5, 2.5]
		}
	},
	"groups": [
		{
			"name": "base",
			"origin": [0, 0, 0],
			"color": 0,
			"children": [0, 1, 2, 3, 4, 5, 6, 7, 8, 9, 10, 11]
		},
		{
			"name": "ear",
			"origin": [4.49582, 14.00733, 7.5],
			"color": 0,
			"children": [12, 13, 14, 15, 16, 17, 18, 19, 20, 21]
		},
		{
			"name": "ear",
			"origin": [11.50418, 14.00733, 7.5],
			"color": 0,
			"children": [22, 23, 24, 25, 26, 27, 28, 29, 30, 31]
		},
		{
			"name": "eyes",
			"origin": [11, 6.5, 2.9],
			"color": 0,
			"children": [32, 33]
		}
	]
}