{
	"credit": "Made with Blockbench",
	"ambientocclusion": false,
	"textures": {
		"0": "block/nwjns_bunny_hat/base",
		"1": "block/nwjns_bunny_hat/ear",
		"particle": "block/nwjns_bunny_hat/base"
	},
	"elements": [
		{
			"from": [5, 1, 5],
			"to": [11, 2, 10],
			"faces": {
				"north": {"uv": [0, 5, 3, 5.5], "texture": "#0"},
				"east": {"uv": [6, 3, 8.5, 3.5], "texture": "#0"},
				"south": {"uv": [3, 5, 6, 5.5], "texture": "#0"},
				"west": {"uv": [6, 3.5, 8.5, 4], "texture": "#0"},
				"up": {"uv": [3, 2.5, 0, 0], "texture": "#0"},
				"down": {"uv": [3, 2.5, 0, 5], "texture": "#0"}
			}
		},
		{
			"from": [5.001, 0.36789, 9.5],
			"to": [10.999, 1.79289, 10.5],
			"rotation": {"angle": -45, "axis": "x", "origin": [8, 1.29289, 10]},
			"faces": {
				"north": {"uv": [0, 5.5, 3, 6], "texture": "#0"},
				"east": {"uv": [4, 7.5, 4.5, 8], "texture": "#0"},
				"south": {"uv": [5.5, 0, 8.5, 0.5], "texture": "#0"},
				"west": {"uv": [4.5, 7.5, 5, 8], "texture": "#0"},
				"up": {"uv": [8.5, 1, 5.5, 0.5], "texture": "#0"},
				"down": {"uv": [8.5, 1, 5.5, 1.5], "texture": "#0"}
			}
		},
		{
			"from": [5, 0, 5],
			"to": [6, 1, 10],
			"rotation": {"angle": 0, "axis": "z", "origin": [5.5, 1.5, 8]},
			"faces": {
				"north": {"uv": [5, 7.5, 5.5, 8], "texture": "#0"},
				"east": {"uv": [6, 4, 8.5, 4.5], "texture": "#0"},
				"south": {"uv": [6, 7.5, 6.5, 8], "texture": "#0"},
				"west": {"uv": [6, 4.5, 8.5, 5], "texture": "#0"},
				"up": {"uv": [6.5, 7.5, 6, 5], "texture": "#0"},
				"down": {"uv": [0.5, 6.5, 0, 9], "texture": "#0"}
			}
		},
		{
			"from": [5, 0, 10],
			"to": [11, 1, 11],
			"rotation": {"angle": 0, "axis": "x", "origin": [8, 1.5, 10.5]},
			"faces": {
				"north": {"uv": [5.5, 1.5, 8.5, 2], "texture": "#0"},
				"east": {"uv": [6.5, 7.5, 7, 8], "texture": "#0"},
				"south": {"uv": [5.5, 2, 8.5, 2.5], "texture": "#0"},
				"west": {"uv": [7, 7.5, 7.5, 8], "texture": "#0"},
				"up": {"uv": [8.5, 3, 5.5, 2.5], "texture": "#0"},
				"down": {"uv": [6, 5.5, 3, 6], "texture": "#0"}
			}
		},
		{
			"from": [5.001, 0.08579, 3.79289],
			"to": [10.999, 1.08579, 5.79289],
			"rotation": {"angle": -45, "axis": "x", "origin": [7, 0.58579, 4.29289]},
			"faces": {
				"north": {"uv": [0, 6, 3, 6.5], "texture": "#0"},
				"east": {"uv": [2, 7.5, 3, 8], "texture": "#0"},
				"south": {"uv": [3, 6, 6, 6.5], "texture": "#0"},
				"west": {"uv": [3, 7.5, 4, 8], "texture": "#0"},
				"up": {"uv": [6, 4, 3, 3], "texture": "#0"},
				"down": {"uv": [6, 4, 3, 5], "texture": "#0"}
			}
		},
		{
			"from": [5, 0, 4.2],
			"to": [6, 1, 5],
			"rotation": {"angle": 0, "axis": "z", "origin": [5.5, 1.5, 8]},
			"faces": {
				"north": {"uv": [7.5, 7.5, 8, 8], "texture": "#0"},
				"east": {"uv": [0.5, 8, 1, 8.5], "texture": "#0"},
				"south": {"uv": [1, 8, 1.5, 8.5], "texture": "#0"},
				"west": {"uv": [1.5, 8, 2, 8.5], "texture": "#0"},
				"up": {"uv": [2.5, 8.5, 2, 8], "texture": "#0"},
				"down": {"uv": [3, 8, 2.5, 8.5], "texture": "#0"}
			}
		},
		{
			"from": [10, 0, 4.2],
			"to": [11, 1, 5],
			"rotation": {"angle": 0, "axis": "z", "origin": [10.5, 1.5, 8]},
			"faces": {
				"north": {"uv": [3, 8, 3.5, 8.5], "texture": "#0"},
				"east": {"uv": [3.5, 8, 4, 8.5], "texture": "#0"},
				"south": {"uv": [4, 8, 4.5, 8.5], "texture": "#0"},
				"west": {"uv": [4.5, 8, 5, 8.5], "texture": "#0"},
				"up": {"uv": [5.5, 8.5, 5, 8], "texture": "#0"},
				"down": {"uv": [6.5, 8, 6, 8.5], "texture": "#0"}
			}
		},
		{
			"from": [10, 0, 5],
			"to": [11, 1, 10],
			"rotation": {"angle": 0, "axis": "z", "origin": [10.5, 1.5, 8]},
			"faces": {
				"north": {"uv": [6.5, 8, 7, 8.5], "texture": "#0"},
				"east": {"uv": [0.5, 6.5, 3, 7], "texture": "#0"},
				"south": {"uv": [7, 8, 7.5, 8.5], "texture": "#0"},
				"west": {"uv": [3, 6.5, 5.5, 7], "texture": "#0"},
				"up": {"uv": [7, 7.5, 6.5, 5], "texture": "#0"},
				"down": {"uv": [6, 6.5, 5.5, 9], "texture": "#0"}
			}
		},
		{
			"from": [5.5, -0.12132, 2.29289],
			"to": [10.5, 0.87868, 5.29289],
			"rotation": {"angle": 0, "axis": "y", "origin": [8, 0.37868, 4.79289]},
			"faces": {
				"north": {"uv": [0.5, 7, 3, 7.5], "texture": "#0"},
				"east": {"uv": [7, 5, 8.5, 5.5], "texture": "#0"},
				"south": {"uv": [3, 7, 5.5, 7.5], "texture": "#0"},
				"west": {"uv": [7, 5.5, 8.5, 6], "texture": "#0"},
				"up": {"uv": [5.5, 1.5, 3, 0], "texture": "#0"},
				"down": {"uv": [5.5, 1.5, 3, 3], "texture": "#0"}
			}
		},
		{
			"from": [6.58579, -0.1214, 1.25736],
			"to": [7.99079, 0.8786, 2.25736],
			"rotation": {"angle": -45, "axis": "y", "origin": [8, 0.37868, 4.79289]},
			"faces": {
				"north": {"uv": [7.5, 8, 8, 8.5], "texture": "#0"},
				"east": {"uv": [8, 7.5, 8.5, 8], "texture": "#0"},
				"south": {"uv": [8, 8, 8.5, 8.5], "texture": "#0"},
				"west": {"uv": [8.5, 0, 9, 0.5], "texture": "#0"},
				"up": {"uv": [1, 9, 0.5, 8.5], "texture": "#0"},
				"down": {"uv": [9, 0.5, 8.5, 1], "texture": "#0"}
			}
		},
		{
			"from": [8.00921, -0.1214, 1.25736],
			"to": [9.41421, 0.8786, 2.25736],
			"rotation": {"angle": 45, "axis": "y", "origin": [8, 0.37868, 4.79289]},
			"faces": {
				"north": {"uv": [1, 8.5, 1.5, 9], "texture": "#0"},
				"east": {"uv": [8.5, 1, 9, 1.5], "texture": "#0"},
				"south": {"uv": [1.5, 8.5, 2, 9], "texture": "#0"},
				"west": {"uv": [8.5, 1.5, 9, 2], "texture": "#0"},
				"up": {"uv": [2.5, 9, 2, 8.5], "texture": "#0"},
				"down": {"uv": [9, 2, 8.5, 2.5], "texture": "#0"}
			}
		},
		{
			"from": [6.5, -0.12132, 1.29289],
			"to": [9.5, 0.87868, 2.29289],
			"rotation": {"angle": 0, "axis": "y", "origin": [8, 0.37868, 4.79289]},
			"faces": {
				"north": {"uv": [7, 6, 8.5, 6.5], "texture": "#0"},
				"east": {"uv": [2.5, 8.5, 3, 9], "texture": "#0"},
				"south": {"uv": [7, 6.5, 8.5, 7], "texture": "#0"},
				"west": {"uv": [8.5, 2.5, 9, 3], "texture": "#0"},
				"up": {"uv": [8.5, 7.5, 7, 7], "texture": "#0"},
				"down": {"uv": [2, 7.5, 0.5, 8], "texture": "#0"}
			}
		},
		{
			"from": [3.01098, -4.49947, 6],
			"to": [5.01098, 1.50053, 7],
			"rotation": {"angle": -22.5, "axis": "z", "origin": [5.26098, -3.24947, 3.5]},
			"faces": {
				"north": {"uv": [0, 0, 2, 6], "texture": "#1"},
				"east": {"uv": [4, 0, 5, 6], "texture": "#1"},
				"south": {"uv": [2, 0, 4, 6], "texture": "#1"},
				"west": {"uv": [5, 0, 6, 6], "texture": "#1"},
				"up": {"uv": [2, 7, 0, 6], "texture": "#1"},
				"down": {"uv": [8, 0, 6, 1], "texture": "#1"}
			}
		},
		{
			"from": [4.01098, -5.49947, 6],
			"to": [5.01098, -4.49947, 7],
			"rotation": {"angle": -22.5, "axis": "z", "origin": [5.26098, -3.24947, 3.5]},
			"faces": {
				"north": {"uv": [6, 1, 7, 2], "texture": "#1"},
				"east": {"uv": [2, 6, 3, 7], "texture": "#1"},
				"south": {"uv": [6, 2, 7, 3], "texture": "#1"},
				"west": {"uv": [3, 6, 4, 7], "texture": "#1"},
				"up": {"uv": [7, 4, 6, 3], "texture": "#1"},
				"down": {"uv": [5, 6, 4, 7], "texture": "#1"}
			}
		},
		{
			"from": [10.98902, -4.49947, 6],
			"to": [12.98902, 1.50053, 7],
			"rotation": {"angle": 22.5, "axis": "z", "origin": [10.73902, -3.24947, 3.5]},
			"faces": {
				"north": {"uv": [2, 0, 0, 6], "texture": "#1"},
				"east": {"uv": [6, 0, 5, 6], "texture": "#1"},
				"south": {"uv": [4, 0, 2, 6], "texture": "#1"},
				"west": {"uv": [5, 0, 4, 6], "texture": "#1"},
				"up": {"uv": [0, 7, 2, 6], "texture": "#1"},
				"down": {"uv": [6, 0, 8, 1], "texture": "#1"}
			}
		},
		{
			"from": [10.98902, -5.49947, 6],
			"to": [11.98902, -4.49947, 7],
			"rotation": {"angle": 22.5, "axis": "z", "origin": [10.73902, -3.24947, 3.5]},
			"faces": {
				"north": {"uv": [7, 1, 6, 2], "texture": "#1"},
				"east": {"uv": [4, 6, 3, 7], "texture": "#1"},
				"south": {"uv": [7, 2, 6, 3], "texture": "#1"},
				"west": {"uv": [3, 6, 2, 7], "texture": "#1"},
				"up": {"uv": [6, 4, 7, 3], "texture": "#1"},
				"down": {"uv": [4, 6, 5, 7], "texture": "#1"}
			}
		}
	],
	"display": {
		"thirdperson_righthand": {
			"rotation": [44.5, 0, 0],
			"translation": [-2.25, 5.75, 5.5]
		},
		"thirdperson_lefthand": {
			"rotation": [44.5, 0, 0],
			"translation": [-2.25, 5.75, 5.5]
		},
		"firstperson_righthand": {
			"rotation": [-55, 0, 0],
			"translation": [-5.25, 6, -1.5]
		},
		"firstperson_lefthand": {
			"rotation": [-55, 0, 0],
			"translation": [-5.25, 6, -1.5]
		},
		"ground": {
			"rotation": [35, -46, 0],
			"translation": [-1.25, 8.25, 5.75]
		},
		"gui": {
			"rotation": [21, 145, 0],
			"translation": [0, 8.5, 0]
		},
		"head": {
			"translation": [0, 23.25, 1],
			"scale": [2.5, 2.5, 2.5]
		},
		"fixed": {
			"rotation": [-82, 24, 0],
			"translation": [2.25, 5.5, -31.75],
			"scale": [4, 4, 4]
		}
	},
	"groups": [
		{
			"name": "base",
			"origin": [10.5, 1.5, 8],
			"color": 0,
			"children": [0, 1, 2, 3, 4, 5, 6, 7]
		},
		{
			"name": "cap_overhang",
			"origin": [1, -0.62132, -0.70711],
			"color": 0,
			"children": [8, 9, 10, 11]
		},
		{
			"name": "ears",
			"origin": [0, 0, 0],
			"color": 0,
			"children": [12, 13]
		},
		{
			"name": "ears",
			"origin": [0, 0, 0],
			"color": 0,
			"children": [14, 15]
		}
	]
}