{
	"credit": "Made by dabid",
	"textures": {
		"0": "block/stripped_spruce_log",
		"particle": "block/stripped_spruce_log"
	},
	"elements": [
		{
			"from": [14, 11, 0],
			"to": [16, 16, 2],
			"faces": {
				"north": {"uv": [0, 0, 2, 5], "texture": "#0"},
				"east": {"uv": [6, 0, 8, 5], "texture": "#0"},
				"south": {"uv": [2, 0, 4, 5], "texture": "#0"},
				"west": {"uv": [4, 0, 6, 5], "texture": "#0"},
				"up": {"uv": [8, 3, 10, 5], "texture": "#0"},
				"down": {"uv": [8, 0, 10, 2], "texture": "#0"}
			}
		},
		{
			"from": [14, 0, 0],
			"to": [15, 11, 2],
			"faces": {
				"north": {"uv": [0, 0, 1, 11], "texture": "#0"},
				"east": {"uv": [4, 0, 6, 11], "texture": "#0"},
				"south": {"uv": [1, 0, 2, 11], "texture": "#0"},
				"west": {"uv": [2, 0, 4, 11], "texture": "#0"},
				"up": {"uv": [6, 0, 7, 2], "texture": "#0"},
				"down": {"uv": [6, 9, 7, 11], "texture": "#0"}
			}
		},
		{
			"from": [1, 0, 0],
			"to": [2, 11, 2],
			"faces": {
				"north": {"uv": [0, 0, 1, 11], "texture": "#0"},
				"east": {"uv": [4, 0, 6, 11], "texture": "#0"},
				"south": {"uv": [1, 0, 2, 11], "texture": "#0"},
				"west": {"uv": [2, 0, 4, 11], "texture": "#0"},
				"up": {"uv": [6, 9, 7, 11], "texture": "#0"},
				"down": {"uv": [6, 0, 7, 2], "texture": "#0"}
			}
		},
		{
			"from": [1, 16, 0],
			"to": [15, 18, 2],
			"faces": {
				"north": {"uv": [0, 0, 14, 2], "texture": "#0"},
				"east": {"uv": [12, 8, 14, 10], "texture": "#0"},
				"south": {"uv": [0, 2, 14, 4], "texture": "#0"},
				"west": {"uv": [0, 8, 2, 10], "texture": "#0"},
				"up": {"uv": [0, 6, 14, 8], "texture": "#0"},
				"down": {"uv": [0, 4, 14, 6], "texture": "#0"}
			}
		},
		{
			"from": [0, 11, 0],
			"to": [2, 16, 2],
			"faces": {
				"north": {"uv": [0, 0, 2, 5], "texture": "#0"},
				"east": {"uv": [6, 0, 8, 5], "texture": "#0"},
				"south": {"uv": [2, 0, 4, 5], "texture": "#0"},
				"west": {"uv": [4, 0, 6, 5], "texture": "#0"},
				"up": {"uv": [8, 3, 10, 5], "texture": "#0"},
				"down": {"uv": [8, 0, 10, 2], "texture": "#0"}
			}
		},
		{
			"from": [2, 10, 0],
			"to": [14, 12, 2],
			"faces": {
				"north": {"uv": [2, 9, 14, 11], "texture": "#0"},
				"east": {"uv": [0, 3, 2, 5], "texture": "#0"},
				"south": {"uv": [2, 3, 14, 5], "texture": "#0"},
				"west": {"uv": [14, 3, 16, 5], "texture": "#0"},
				"up": {"uv": [2, 7, 14, 9], "texture": "#0"},
				"down": {"uv": [2, 5, 14, 7], "texture": "#0"}
			}
		},
		{
			"from": [12, 12, 0],
			"to": [13, 16, 2],
			"faces": {
				"north": {"uv": [0, 0, 1, 4], "texture": "#0"},
				"east": {"uv": [0, 0, 2, 4], "texture": "#0"},
				"south": {"uv": [0, 0, 1, 4], "texture": "#0"},
				"west": {"uv": [0, 0, 2, 4], "texture": "#0"},
				"up": {"uv": [0, 0, 1, 2], "texture": "#0"},
				"down": {"uv": [0, 0, 1, 2], "texture": "#0"}
			}
		},
		{
			"from": [9, 12, 0],
			"to": [10, 16, 2],
			"faces": {
				"north": {"uv": [0, 0, 1, 4], "texture": "#0"},
				"east": {"uv": [0, 0, 2, 4], "texture": "#0"},
				"south": {"uv": [0, 0, 1, 4], "texture": "#0"},
				"west": {"uv": [0, 0, 2, 4], "texture": "#0"},
				"up": {"uv": [0, 0, 1, 2], "texture": "#0"},
				"down": {"uv": [0, 0, 1, 2], "texture": "#0"}
			}
		},
		{
			"from": [6, 12, 0],
			"to": [7, 16, 2],
			"faces": {
				"north": {"uv": [0, 0, 1, 4], "texture": "#0"},
				"east": {"uv": [0, 0, 2, 4], "texture": "#0"},
				"south": {"uv": [0, 0, 1, 4], "texture": "#0"},
				"west": {"uv": [0, 0, 2, 4], "texture": "#0"},
				"up": {"uv": [0, 0, 1, 2], "texture": "#0"},
				"down": {"uv": [0, 0, 1, 2], "texture": "#0"}
			}
		},
		{
			"from": [3, 12, 0],
			"to": [4, 16, 2],
			"faces": {
				"north": {"uv": [0, 0, 1, 4], "texture": "#0"},
				"east": {"uv": [0, 0, 2, 4], "texture": "#0"},
				"south": {"uv": [0, 0, 1, 4], "texture": "#0"},
				"west": {"uv": [0, 0, 2, 4], "texture": "#0"},
				"up": {"uv": [0, 0, 1, 2], "texture": "#0"},
				"down": {"uv": [0, 0, 1, 2], "texture": "#0"}
			}
		},
		{
			"from": [0, 0, 0],
			"to": [1, 10, 2],
			"faces": {
				"north": {"uv": [0, 0, 1, 10], "texture": "#0"},
				"east": {"uv": [0, 0, 2, 10], "texture": "#0"},
				"south": {"uv": [0, 0, 1, 10], "texture": "#0"},
				"west": {"uv": [0, 0, 2, 10], "texture": "#0"},
				"up": {"uv": [0, 0, 1, 2], "texture": "#0"},
				"down": {"uv": [0, 0, 1, 2], "texture": "#0"}
			}
		},
		{
			"from": [15, 0, 0],
			"to": [16, 10, 2],
			"faces": {
				"north": {"uv": [0, 0, 1, 10], "texture": "#0"},
				"east": {"uv": [0, 0, 2, 10], "texture": "#0"},
				"south": {"uv": [0, 0, 1, 10], "texture": "#0"},
				"west": {"uv": [0, 0, 2, 10], "texture": "#0"},
				"up": {"uv": [0, 0, 1, 2], "texture": "#0"},
				"down": {"uv": [0, 0, 1, 2], "texture": "#0"}
			}
		}
	],
	"display": {
		"thirdperson_righthand": {
			"translation": [-6, -2.5, 6]
		},
		"thirdperson_lefthand": {
			"translation": [-6, -2.5, 6]
		},
		"firstperson_righthand": {
			"rotation": [-30, 0, 0],
			"translation": [-8.5, -6, -4.25],
			"scale": [2, 2, 2]
		},
		"firstperson_lefthand": {
			"rotation": [-30, 0, 0],
			"translation": [-8.5, -6, -4.25],
			"scale": [2, 2, 2]
		},
		"ground": {
			"rotation": [-90, 0, 0],
			"translation": [0, 0, 0.25],
			"scale": [0.5, 0.5, 0.5]
		},
		"gui": {
			"rotation": [48, 145, 0],
			"translation": [2.5, 3, 0],
			"scale": [0.7, 0.7, 0.7]
		},
		"head": {
			"translation": [0, 4.25, 12.5]
		},
		"fixed": {
			"translation": [0, -1, 16],
			"scale": [2.3, 2.3, 2.3]
		}
	},
	"groups": [
		{
			"name": "bed_headboard",
			"origin": [0, 0, 0],
			"color": 0,
			"children": [0, 1, 2, 3, 4, 5, 6, 7, 8, 9, 10, 11]
		}
	]
}