{
	"credit": "Made by dabid",
	"texture_size": [1000, 320],
	"textures": {
		"0": "block/david_shop_sign/david_shop_sign"
	},
	"elements": [
		{
			"from": [31.25, 0.25, 7],
			"to": [32, 6.25, 9],
			"rotation": {"angle": 0, "axis": "y", "origin": [8, 0, 8]},
			"faces": {
				"north": {"uv": [4.96, 9, 5.056, 11.4], "texture": "#0"},
				"east": {"uv": [4.704, 9, 4.96, 11.4], "texture": "#0"},
				"south": {"uv": [5.056, 9, 4.96, 11.4], "texture": "#0"},
				"up": {"uv": [5.056, 9, 4.96, 8.2], "texture": "#0"},
				"down": {"uv": [5.056, 12.2, 4.96, 11.4], "texture": "#0"}
			}
		},
		{
			"from": [27.125, 0.25, 7],
			"to": [31.625, 6.25, 9],
			"rotation": {"angle": 0, "axis": "y", "origin": [8, 0, 8]},
			"faces": {
				"north": {"uv": [2.432, 0.8, 3.008, 3.2], "texture": "#0"},
				"south": {"uv": [3.008, 0.8, 2.432, 3.2], "texture": "#0"},
				"up": {"uv": [3.008, 0.8, 2.432, 0], "texture": "#0"},
				"down": {"uv": [3.008, 4, 2.432, 3.2], "texture": "#0"}
			}
		},
		{
			"from": [22.625, 0.25, 7],
			"to": [27.125, 6.25, 9],
			"rotation": {"angle": 0, "axis": "y", "origin": [8, 0, 8]},
			"faces": {
				"north": {"uv": [0, 0.8, 0.576, 3.2], "texture": "#0"},
				"south": {"uv": [0.576, 0.8, 0, 3.2], "texture": "#0"},
				"up": {"uv": [0.576, 0.8, 0, 0], "texture": "#0"},
				"down": {"uv": [0.576, 4, 0, 3.2], "texture": "#0"}
			}
		},
		{
			"from": [18.125, 0.25, 7],
			"to": [22.625, 6.25, 9],
			"rotation": {"angle": 0, "axis": "y", "origin": [8, 0, 8]},
			"faces": {
				"north": {"uv": [13.184, 0.8, 13.76, 3.2], "texture": "#0"},
				"south": {"uv": [13.76, 0.8, 13.184, 3.2], "texture": "#0"},
				"up": {"uv": [13.76, 0.8, 13.184, 0], "texture": "#0"},
				"down": {"uv": [13.76, 4, 13.184, 3.2], "texture": "#0"}
			}
		},
		{
			"from": [15.125, 0.25, 7],
			"to": [18.125, 6.25, 9],
			"rotation": {"angle": 0, "axis": "y", "origin": [8, 0, 8]},
			"faces": {
				"north": {"uv": [5.472, 0.8, 5.856, 3.2], "texture": "#0"},
				"south": {"uv": [5.856, 0.8, 5.472, 3.2], "texture": "#0"},
				"up": {"uv": [5.856, 0.8, 5.472, 0], "texture": "#0"},
				"down": {"uv": [5.856, 4, 5.472, 3.2], "texture": "#0"}
			}
		},
		{
			"from": [10.625, 0.25, 7],
			"to": [15.125, 6.25, 9],
			"rotation": {"angle": 0, "axis": "y", "origin": [8, 0, 8]},
			"faces": {
				"north": {"uv": [2.432, 0.8, 3.008, 3.2], "texture": "#0"},
				"south": {"uv": [3.008, 0.8, 2.432, 3.2], "texture": "#0"},
				"up": {"uv": [3.008, 0.8, 2.432, 0], "texture": "#0"},
				"down": {"uv": [3.008, 4, 2.432, 3.2], "texture": "#0"}
			}
		},
		{
			"from": [8.375, 0.25, 7],
			"to": [10.625, 6.25, 9],
			"rotation": {"angle": 0, "axis": "y", "origin": [8, 0, 8]},
			"faces": {
				"north": {"uv": [12.928, 4.9, 13.216, 7.3], "texture": "#0"},
				"south": {"uv": [13.216, 4.9, 12.928, 7.3], "texture": "#0"},
				"up": {"uv": [13.216, 4.9, 12.928, 4.1], "texture": "#0"},
				"down": {"uv": [13.216, 8.1, 12.928, 7.3], "texture": "#0"}
			}
		},
		{
			"from": [3.875, 0.25, 7],
			"to": [8.375, 6.25, 9],
			"rotation": {"angle": 0, "axis": "y", "origin": [8, 0, 8]},
			"faces": {
				"north": {"uv": [11.36, 0.8, 11.936, 3.2], "texture": "#0"},
				"south": {"uv": [11.936, 0.8, 11.36, 3.2], "texture": "#0"},
				"up": {"uv": [11.936, 0.8, 11.36, 0], "texture": "#0"},
				"down": {"uv": [11.936, 4, 11.36, 3.2], "texture": "#0"}
			}
		},
		{
			"from": [2.375, 0.25, 7],
			"to": [3.875, 6.25, 9],
			"rotation": {"angle": 0, "axis": "y", "origin": [8, 0, 8]},
			"faces": {
				"north": {"uv": [15.616, 0.8, 15.808, 3.2], "texture": "#0"},
				"south": {"uv": [15.808, 0.8, 15.616, 3.2], "texture": "#0"},
				"up": {"uv": [15.808, 0.8, 15.616, 0], "texture": "#0"},
				"down": {"uv": [15.808, 4, 15.616, 3.2], "texture": "#0"}
			}
		},
		{
			"from": [-2.125, 0.25, 7],
			"to": [2.375, 6.25, 9],
			"rotation": {"angle": 0, "axis": "y", "origin": [8, 0, 8]},
			"faces": {
				"north": {"uv": [11.36, 0.8, 11.936, 3.2], "texture": "#0"},
				"south": {"uv": [11.936, 0.8, 11.36, 3.2], "texture": "#0"},
				"up": {"uv": [11.936, 0.8, 11.36, 0], "texture": "#0"},
				"down": {"uv": [11.936, 4, 11.36, 3.2], "texture": "#0"}
			}
		},
		{
			"from": [-6.625, 0.25, 7],
			"to": [-2.125, 6.25, 9],
			"rotation": {"angle": 0, "axis": "y", "origin": [8, 0, 8]},
			"faces": {
				"north": {"uv": [4.864, 0.8, 5.44, 3.2], "texture": "#0"},
				"south": {"uv": [5.44, 0.8, 4.864, 3.2], "texture": "#0"},
				"up": {"uv": [5.44, 0.8, 4.864, 0], "texture": "#0"},
				"down": {"uv": [5.44, 4, 4.864, 3.2], "texture": "#0"}
			}
		},
		{
			"from": [-11.125, 0.25, 7],
			"to": [-6.625, 6.25, 9],
			"rotation": {"angle": 0, "axis": "y", "origin": [8, 0, 8]},
			"faces": {
				"north": {"uv": [8.928, 0.8, 9.504, 3.2], "texture": "#0"},
				"south": {"uv": [9.504, 0.8, 8.928, 3.2], "texture": "#0"},
				"up": {"uv": [9.504, 0.8, 8.928, 0], "texture": "#0"},
				"down": {"uv": [9.504, 4, 8.928, 3.2], "texture": "#0"}
			}
		},
		{
			"from": [-15.625, 0.25, 7],
			"to": [-11.125, 6.25, 9],
			"rotation": {"angle": 0, "axis": "y", "origin": [8, 0, 8]},
			"faces": {
				"north": {"uv": [9.536, 0.8, 10.112, 3.2], "texture": "#0"},
				"south": {"uv": [10.112, 0.8, 9.536, 3.2], "texture": "#0"},
				"up": {"uv": [10.112, 0.8, 9.536, 0], "texture": "#0"},
				"down": {"uv": [10.112, 4, 9.536, 3.2], "texture": "#0"}
			}
		},
		{
			"from": [-16, 0.25, 7],
			"to": [-15.25, 6.25, 9],
			"rotation": {"angle": 0, "axis": "y", "origin": [8, 0, 8]},
			"faces": {
				"north": {"uv": [5.088, 9, 5.184, 11.4], "texture": "#0"},
				"south": {"uv": [5.184, 9, 5.088, 11.4], "texture": "#0"},
				"west": {"uv": [5.184, 9, 5.44, 11.4], "texture": "#0"},
				"up": {"uv": [5.184, 9, 5.088, 8.2], "texture": "#0"},
				"down": {"uv": [5.184, 12.2, 5.088, 11.4], "texture": "#0"}
			}
		},
		{
			"name": "border",
			"from": [32, 6.5, 9.25],
			"to": [-16, 0, 6.75],
			"rotation": {"angle": 0, "axis": "y", "origin": [8, 0, 8]},
			"faces": {
				"north": {"uv": [0, 12.3, 0.016, 12.35], "texture": "#0"},
				"east": {"uv": [0, 12.3, 0.016, 12.35], "texture": "#0"},
				"south": {"uv": [0, 12.3, 0.016, 12.35], "texture": "#0"},
				"west": {"uv": [0, 12.3, 0.016, 12.35], "texture": "#0"},
				"up": {"uv": [0, 12.3, 0.016, 12.35], "texture": "#0"},
				"down": {"uv": [0, 12.3, 0.016, 12.35], "texture": "#0"}
			}
		}
	],
	"display": {
		"thirdperson_righthand": {
			"rotation": [85.25, 0, 0],
			"translation": [-6.75, 1.75, 6.25]
		},
		"thirdperson_lefthand": {
			"rotation": [85.25, 0, 0],
			"translation": [-6.75, 1.75, 6.25]
		},
		"firstperson_righthand": {
			"translation": [-8.5, 7, 0]
		},
		"firstperson_lefthand": {
			"translation": [-8.5, 7, 0]
		},
		"ground": {
			"translation": [0, 4, 0]
		},
		"gui": {
			"rotation": [-23, 180, 0],
			"translation": [0, 41.25, 0]
		},
		"head": {
			"translation": [0, 22.5, 0],
			"scale": [2, 2, 2]
		},
		"fixed": {
			"rotation": [-13, 0, 0],
			"translation": [0, 19, -4.25],
			"scale": [4, 4, 4]
		}
	},
	"groups": [
		{
			"name": "davids_shop",
			"origin": [8, 0, 8],
			"color": 0,
			"children": [
				{
					"name": "open_terminator",
					"origin": [8, 0, 8],
					"color": 0,
					"children": [0]
				},
				{
					"name": "d",
					"origin": [8, 0, 8],
					"color": 0,
					"children": [1]
				},
				{
					"name": "a",
					"origin": [8, 0, 8],
					"color": 0,
					"children": [2]
				},
				{
					"name": "v",
					"origin": [8, 0, 8],
					"color": 0,
					"children": [3]
				},
				{
					"name": "i",
					"origin": [8, 0, 8],
					"color": 0,
					"children": [4]
				},
				{
					"name": "d",
					"origin": [8, 0, 8],
					"color": 0,
					"children": [5]
				},
				{
					"name": "",
					"origin": [8, 0, 8],
					"color": 0,
					"children": [6]
				},
				{
					"name": "s",
					"origin": [8, 0, 8],
					"color": 0,
					"children": [7]
				},
				{
					"name": "space",
					"origin": [8, 0, 8],
					"color": 0,
					"children": [8]
				},
				{
					"name": "s",
					"origin": [8, 0, 8],
					"color": 0,
					"children": [9]
				},
				{
					"name": "h",
					"origin": [8, 0, 8],
					"color": 0,
					"children": [10]
				},
				{
					"name": "o",
					"origin": [8, 0, 8],
					"color": 0,
					"children": [11]
				},
				{
					"name": "p",
					"origin": [8, 0, 8],
					"color": 0,
					"children": [12]
				},
				{
					"name": "close_terminator",
					"origin": [8, 0, 8],
					"color": 0,
					"children": [13]
				},
				14
			]
		}
	]
}