{
    "parent": "minecraft:item/generated",
    "textures": {
      "layer0": "minecraft:item/paper"
    },

    "overrides": [
        { "predicate":  {"custom_model_data": 1}, "model": "item/hats/kuromi_hat" },
        { "predicate":  {"custom_model_data": 2}, "model": "item/hats/nwjns_bunny_hat" },
        { "predicate":  {"custom_model_data": 3}, "model": "item/hats/fake_creeper" },
        { "predicate":  {"custom_model_data": 4}, "model": "item/blocks/david_shop_sign" }
    ]
  }